Zaire_ebolavirus,GP,ISTIGIRPSSSQIPSSSPTTAPSPEA
Zaire_ebolavirus,GP,MQISTIGIRPSSSQIPSSSPTTAPSP
Zaire_ebolavirus,GP,TSGPSVMATEEPTTPPGSSPGPTTEA
Zaire_ebolavirus,GP,GPSVMATEEPTTPPGSSPGPTTEAPT
Lassa_mammarenavirus,Z,SVSSRCPICKMPLPTRLRPSTAPTAP
Lassa_mammarenavirus,Z,SVSSRCPICKMPLPTRLRPSATPTAP
Lassa_mammarenavirus,Z,SVSSRCPICKMPLPTRLRASAQPSAP
Lassa_mammarenavirus,Z,SVSSRCPICKMPLPTRLRASAQPSAP
Lassa_mammarenavirus,Z,SVSNRCPICKMPLPTRLRPSAAPTAP
Lassa_mammarenavirus,Z,ICKMPLPTKLKAAAQASAPSIEATQN
Bluetongue_virus,VP2,PIYSSRDMPLALISQYPLAVQVDAIM
Marburg_virus,GP,KNQTCAPSKTPPPPPTARPEIKPTST
Marburg_virus,GP,QTCAPSKTPPPPPTARPEIKPTSTPT
Marburg_virus,GP,NQTCAPSKTPPPPPTARPEIKPTSTP
Marburg_virus,GP,QTCAPSKTPPPPPTARPEIKPTSTPT
Marburg_virus,GP,CAPSKTPPPPPTARPEIKPTSTPTDA
Marburg_virus,GP,APSKTPPPPPTARPEIKPTSTPTDAT
Marburg_virus,GP,KNQTCAPSKTPPPPPTARPEIKPTST
Marburg_virus,GP,QTCAPSKTPPPPPTARPEIKPTSTPT
Marburg_virus,GP,CAPSKTPPPPPTARPEIKPTSTPTDA
Marburg_virus,GP,NQTCAPSKTPPPPPTARPEIKPTSTP
Marburg_virus,GP,NQTCTPSKTPPPPPTAYPEIKPTSTS
Marburg_virus,GP,CTPSKTPPPPPTAYPEIKPTSTSTDA
Marburg_virus,GP,APSKTPPPPPTARPEIKPTSTPTDAT
